Wall time,Step,Value
1747046021.431254,5000,234.63999938964844
1747046025.1754165,10000,358.3800048828125
1747046030.5041096,15000,425.5199890136719
1747046035.405702,20000,491.70001220703125
1747046039.767196,25000,500.0
