Wall time,Step,Value
1747041731.136871,2048,21.967741012573242
1747041731.9771066,4096,24.600000381469727
1747041733.148488,6144,33.470001220703125
1747041734.2183495,8192,42.650001525878906
1747041735.4732704,10240,53.58000183105469
1747041736.5481014,12288,69.43000030517578
1747041737.5676167,14336,88.62999725341797
