Wall time,Step,Value
1747041732.975512,5000,178.1999969482422
1747041735.4294682,10000,324.79998779296875
1747041738.2679574,15000,500.0
